Workbook

Sheet Database RMA
A1: 🔄 DATABASE RMA — Gestione Return Merchandise Authorization
A2: Aggiornato al 26/05/2026 • Modifica i dati qui, i fogli Modulo ed Etichetta si aggiornano automaticamente
A4: N° RMA | B4: Data Apertura | C4: ID Cliente | D4: Cliente | E4: ID Prodotto | F4: Prodotto | G4: Famiglia Prodotto | H4: Sottofamiglia Prodotto | I4: Gruppo Prodotto | J4: Sottogruppo Prodotto | K4: S/N o Lotto | L4: Difetto Segnalato | M4: Tipo Richiesta | N4: Priorità | O4: Stato | P4: Data Chiusura | Q4: Esito | R4: Tecnico | S4: Note
A5: RMA-2026-001 | B5: 2026-01-10 | C5: CLI001 | D5: Rossi Elettronica Srl | E5: PRD001 | F5: Notebook Dell XPS 15 | G5: Hardware | H5: Computer Portatili | I5: Notebook Premium | J5: Business Line | K5: SN123456 | L5: Schermo non si accende | M5: Garanzia | N5: Alta | O5: In riparazione | Q5: In attesa esito | R5: Mario Tech | S5: Verificare GPU
A6: RMA-2026-002 | B6: 2026-01-15 | C6: CLI002 | D6: Bianchi Mario | E6: PRD003 | F6: Mouse Logitech MX Master 3 | G6: Hardware | H6: Display | I6: Monitor 4K | J6: Professional | K6: SN789012 | L6: Scroll non funziona | M6: Sostituzione | N6: Normale | O6: Chiuso | P6: 2026-01-20 | Q6: Sostituito | R6: Anna Service
A7: RMA-2026-003 | B7: 2026-02-03 | C7: CLI003 | D7: Tech Solutions SpA | E7: PRD002 | F7: Monitor LG 27" 4K | G7: Periferiche | H7: Input Devices | I7: Mouse | J7: Wireless Pro | K7: SN345678 | L7: Pixel morti | M7: Garanzia | N7: Alta | O7: Aperto | Q7: Da valutare | S7: Urgente
A8: RMA-2026-004 | B8: 2026-03-01 | C8: CLI001 | D8: Rossi Elettronica Srl | E8: PRD004 | F8: Stampante HP LaserJet | G8: Hardware | H8: Stampa | I8: Laser | J8: Ufficio | K8: SN901234 | L8: Inceppamento carta | M8: Riparazione a pagamento | N8: Bassa | O8: In attesa parti | R8: Luca Fix
A10: ISTRUZIONI: Inserisci nuove righe dal riga 5 in giù • Il Modulo e l'Etichetta si aggiornano scegliendo il N° RMA nel foglio corrispondente

Sheet Modulo RMA
A1: SELEZIONA N° RMA → cella gialla | Il modulo si compila automaticamente dal Database
B2: N° RMA da stampare: | D2: RMA-2026-001
A4: TECHSERVICE SRL Via dell'Industria 42 20100 Milano (MI) Tel: 02-1234567 | E4: MODULO RMA Return Merchandise Authorization
A8: N° RMA: | E8: =IFERROR(VLOOKUP(D2,'Database RMA'!$A$5:$S$1000,1,FALSE),"") -> RMA-2026-001
A10: 📋 DATI CLIENTE
A11: ID Cliente | C11: =IFERROR(VLOOKUP(D2,'Database RMA'!$A$5:$S$1000,3,FALSE),"") -> CLI001 | F11: Cliente / Ragione Sociale | G11: =IFERROR(VLOOKUP(D2,'Database RMA'!$A$5:$S$1000,4,FALSE),"") -> Rossi Elettronica Srl
A12: Riferimento | C12: ="" | F12: Email/Tel | G12: =""
A14: 📦 DATI PRODOTTO
A15: ID Prodotto | C15: =IFERROR(VLOOKUP(D2,'Database RMA'!$A$5:$S$1000,5,FALSE),"") -> PRD001 | F15: Descrizione Prodotto | G15: =IFERROR(VLOOKUP(D2,'Database RMA'!$A$5:$S$1000,6,FALSE),"") -> Notebook Dell XPS 15
A16: S/N o Lotto | C16: =IFERROR(VLOOKUP(D2,'Database RMA'!$A$5:$S$1000,11,FALSE),"") -> SN123456 | F16: Stato Prodotto | G16: =""
A17: Famiglia Prodotto: | C17: =IFERROR(VLOOKUP(D2,'Database RMA'!$A$5:$S$1000,7,FALSE),"") -> Hardware | F17: Sottofamiglia: | G17: =IFERROR(VLOOKUP(D2,'Database RMA'!$A$5:$S$1000,8,FALSE),"") -> Computer Portatili
A18: Gruppo Prodotto:
A20: 🔄 DETTAGLIO RMA
A21: Data Apertura | C21: =IFERROR(VLOOKUP(D2,'Database RMA'!$A$5:$S$1000,2,FALSE),"") -> 2026-01-10 | F21: Tipo Richiesta | G21: =IFERROR(VLOOKUP(D2,'Database RMA'!$A$5:$S$1000,13,FALSE),"") -> Garanzia
A22: Priorità | C22: =IFERROR(VLOOKUP(D2,'Database RMA'!$A$5:$S$1000,14,FALSE),"") -> Alta | F22: Stato | G22: =IFERROR(VLOOKUP(D2,'Database RMA'!$A$5:$S$1000,15,FALSE),"") -> In riparazione
A23: Tecnico Ass. | C23: =IFERROR(VLOOKUP(D2,'Database RMA'!$A$5:$S$1000,18,FALSE),"") -> Mario Tech
A25: Difetto Segnalato: | C25: =IFERROR(VLOOKUP(D2,'Database RMA'!$A$5:$S$1000,12,FALSE),"") -> Schermo non si accende
A27: Note Aggiuntive:
A29: ✅ ESITO INTERVENTO
A30: Esito Finale
A32: ✍️ FIRME E AUTORIZZAZIONI
A33: Firma Cliente: | E33: Firma Tecnico/Ufficio:
A37: Data: 26/05/2026
A39: TechService Srl • Via dell'Industria 42, 20100 Milano • Tel 02-1234567 • rma@techservice.it • www.techservice.it

Sheet Etichetta RMA
A1: SELEZIONA N° RMA → cella gialla | L'etichetta si aggiorna automaticamente
B2: N° RMA da stampare: | D2: RMA-2026-001
A5: TECHSERVICE SRL | F5: MODULO RMA
A8: N° RMA | C8: =IFERROR(VLOOKUP(D2,'Database RMA'!$A$5:$S$1000,1,FALSE),"") -> RMA-2026-001 | K8: QR CODE (generato dall'app HTML)
A10: CLIENTE | C10: =IFERROR(VLOOKUP(D2,'Database RMA'!$A$5:$S$1000,4,FALSE),"") -> Rossi Elettronica Srl
A11: PRODOTTO | C11: =IFERROR(VLOOKUP(D2,'Database RMA'!$A$5:$S$1000,6,FALSE),"") -> Notebook Dell XPS 15
A12: S/N o LOTTO | C12: =IFERROR(VLOOKUP(D2,'Database RMA'!$A$5:$S$1000,11,FALSE),"") -> SN123456
A13: TIPO RICHIESTA | C13: =IFERROR(VLOOKUP(D2,'Database RMA'!$A$5:$S$1000,13,FALSE),"") -> Garanzia
A14: FAMIGLIA / GRUPPO | C14: =IFERROR(VLOOKUP(D2,'Database RMA'!$A$5:$S$1000,7,FALSE)&" › "&VLOOKUP(D2,'Database RMA'!$A$5:$S$1000,9,FALSE),"") -> Hardware › Notebook Premium
A15: PRIORITÀ | C15: =IFERROR(VLOOKUP(D2,'Database RMA'!$A$5:$S$1000,14,FALSE),"") -> Alta
A16: TECNICO ASSEGNATO | C16: =IFERROR(VLOOKUP(D2,'Database RMA'!$A$5:$S$1000,18,FALSE),"") -> Mario Tech
A18: DATA APERTURA | C18: =IFERROR(VLOOKUP(D2,'Database RMA'!$A$5:$S$1000,2,FALSE),"") -> 2026-01-10 | F18: STATO | H18: =IFERROR(VLOOKUP(D2,'Database RMA'!$A$5:$S$1000,15,FALSE),"") -> In riparazione
A20: TechService Srl • Via dell'Industria 42, 20100 Milano • Tel 02-1234567 • rma@techservice.it
A21: Per stampare: File → Stampa → Selezione area di stampa | Usa l'app HTML allegata per l'etichetta con QR code dinamico

Sheet Statistiche
A1: 📊 STATISTICHE RMA — Analisi Prodotti Difettosi
A2: Dati calcolati automaticamente dal Database RMA • Aggiornato al 26/05/2026
B4: TOTALE RMA | D4: RMA APERTI | F4: RMA CHIUSI | H4: ALTA PRIORITÀ | J4: IN GARANZIA | L4: TASSO CHIUSURA %
B5: =COUNTA('Database RMA'!A5:A1000) -> 5 | D5: =COUNTIF('Database RMA'!O5:O1000,"Aperto")+COUNTIF('Database RMA'!O5:O1000,"In riparazione")+COUNTIF('Database RMA'!O5:O1000,"In attesa parti") -> 3 | F5: =COUNTIF('Database RMA'!O5:O1000,"Chiuso") -> 1 | H5: =COUNTIF('Database RMA'!N5:N1000,"Alta") -> 2 | J5: =COUNTIF('Database RMA'!M5:M1000,"Garanzia") -> 2 | L5: =IFERROR(COUNTIF('Database RMA'!O5:O1000,"Chiuso")/COUNTA('Database RMA'!A5:A1000)*100,0) -> 20.0%
B8: RMA per Prodotto | H8: RMA per Tipo Richiesta | M8: RMA per Stato
B9: Prodotto | C9: Tot RMA | D9: Aperti | E9: Chiusi | F9: % Chiusura | H9: Tipo | I9: Quantità | J9: % sul Tot | K9: Stato prevalente | M9: Stato | N9: Quantità | O9: % sul Tot | P9: Colore
B10: Notebook Dell XPS 15 | C10: =COUNTIF('Database RMA'!F5:F1000,B10) -> 1 | D10: =SUMPRODUCT(('Database RMA'!F5:F1000=B10)*('Database RMA'!O5:O1000<>"Chiuso")*('Database RMA'!O5:O1000<>"")) -> 1 | E10: =COUNTIFS('Database RMA'!F5:F1000,B10,'Database RMA'!O5:O1000,"Chiuso") -> 0 | F10: =IFERROR(E10/C10*100,0) -> 0.0% | H10: Garanzia | I10: =COUNTIF('Database RMA'!M5:M1000,H10) -> 2 | J10: =IFERROR(I10/COUNTA('Database RMA'!A5:A1000)*100,0) -> 40.0% | K10: — | M10: Aperto | N10: =COUNTIF('Database RMA'!O5:O1000,M10) -> 1 | O10: =IFERROR(N10/COUNTA('Database RMA'!A5:A1000)*100,0) -> 20.0% | P10: ●
B11: Monitor LG 27" 4K | C11: =COUNTIF('Database RMA'!F5:F1000,B11) -> 1 | D11: =SUMPRODUCT(('Database RMA'!F5:F1000=B11)*('Database RMA'!O5:O1000<>"Chiuso")*('Database RMA'!O5:O1000<>"")) -> 1 | E11: =COUNTIFS('Database RMA'!F5:F1000,B11,'Database RMA'!O5:O1000,"Chiuso") -> 0 | F11: =IFERROR(E11/C11*100,0) -> 0.0% | H11: Sostituzione | I11: =COUNTIF('Database RMA'!M5:M1000,H11) -> 1 | J11: =IFERROR(I11/COUNTA('Database RMA'!A5:A1000)*100,0) -> 20.0% | K11: — | M11: In riparazione | N11: =COUNTIF('Database RMA'!O5:O1000,M11) -> 1 | O11: =IFERROR(N11/COUNTA('Database RMA'!A5:A1000)*100,0) -> 20.0% | P11: ●
B12: Mouse Logitech MX Master 3 | C12: =COUNTIF('Database RMA'!F5:F1000,B12) -> 1 | D12: =SUMPRODUCT(('Database RMA'!F5:F1000=B12)*('Database RMA'!O5:O1000<>"Chiuso")*('Database RMA'!O5:O1000<>"")) -> 0 | E12: =COUNTIFS('Database RMA'!F5:F1000,B12,'Database RMA'!O5:O1000,"Chiuso") -> 1 | F12: =IFERROR(E12/C12*100,0) -> 100.0% | H12: Riparazione a pagamento | I12: =COUNTIF('Database RMA'!M5:M1000,H12) -> 1 | J12: =IFERROR(I12/COUNTA('Database RMA'!A5:A1000)*100,0) -> 20.0% | K12: — | M12: In attesa parti | N12: =COUNTIF('Database RMA'!O5:O1000,M12) -> 1 | O12: =IFERROR(N12/COUNTA('Database RMA'!A5:A1000)*100,0) -> 20.0% | P12: ●
B13: Stampante HP LaserJet | C13: =COUNTIF('Database RMA'!F5:F1000,B13) -> 1 | D13: =SUMPRODUCT(('Database RMA'!F5:F1000=B13)*('Database RMA'!O5:O1000<>"Chiuso")*('Database RMA'!O5:O1000<>"")) -> 1 | E13: =COUNTIFS('Database RMA'!F5:F1000,B13,'Database RMA'!O5:O1000,"Chiuso") -> 0 | F13: =IFERROR(E13/C13*100,0) -> 0.0% | H13: Rimborso | I13: =COUNTIF('Database RMA'!M5:M1000,H13) -> 0 | J13: =IFERROR(I13/COUNTA('Database RMA'!A5:A1000)*100,0) -> 0.0% | K13: — | M13: Chiuso | N13: =COUNTIF('Database RMA'!O5:O1000,M13) -> 1 | O13: =IFERROR(N13/COUNTA('Database RMA'!A5:A1000)*100,0) -> 20.0% | P13: ●
B14: TOTALE | C14: =SUM(C10:C13) -> 4 | D14: =SUM(D10:D13) -> 3 | E14: =SUM(E10:E13) -> 1 | F14: =IFERROR(E14/C14*100,0) -> 25.0% | H14: TOTALE | I14: =SUM(I10:I13) -> 4 | J14: 100% | M14: Annullato | N14: =COUNTIF('Database RMA'!O5:O1000,M14) -> 0 | O14: =IFERROR(N14/COUNTA('Database RMA'!A5:A1000)*100,0) -> 0.0% | P14: ●
M15: TOTALE | N15: =SUM(N10:N14) -> 4 | O15: 100%
B18: Analisi Difetti Segnalati (ultimi RMA)
B19: N° | C19: N° RMA | D19: Prodotto | E19: Difetto Segnalato | F19: Stato
B20: 1 | C20: {=IFERROR(INDEX('Database RMA'!A5:A1000,1),"")} -> RMA-2026-001 | D20: {=IFERROR(INDEX('Database RMA'!F5:F1000,1),"")} -> Notebook Dell XPS 15 | E20: {=IFERROR(INDEX('Database RMA'!H5:H1000,1),"")} -> Computer Portatili | F20: {=IFERROR(INDEX('Database RMA'!O5:O1000,1),"")} -> In riparazione
B21: 2 | C21: {=IFERROR(INDEX('Database RMA'!A5:A1000,2),"")} -> RMA-2026-002 | D21: {=IFERROR(INDEX('Database RMA'!F5:F1000,2),"")} -> Mouse Logitech MX Master 3 | E21: {=IFERROR(INDEX('Database RMA'!H5:H1000,2),"")} -> Display | F21: {=IFERROR(INDEX('Database RMA'!O5:O1000,2),"")} -> Chiuso
B22: 3 | C22: {=IFERROR(INDEX('Database RMA'!A5:A1000,3),"")} -> RMA-2026-003 | D22: {=IFERROR(INDEX('Database RMA'!F5:F1000,3),"")} -> Monitor LG 27" 4K | E22: {=IFERROR(INDEX('Database RMA'!H5:H1000,3),"")} -> Input Devices | F22: {=IFERROR(INDEX('Database RMA'!O5:O1000,3),"")} -> Aperto
B23: 4 | C23: {=IFERROR(INDEX('Database RMA'!A5:A1000,4),"")} -> RMA-2026-004 | D23: {=IFERROR(INDEX('Database RMA'!F5:F1000,4),"")} -> Stampante HP LaserJet | E23: {=IFERROR(INDEX('Database RMA'!H5:H1000,4),"")} -> Stampa | F23: {=IFERROR(INDEX('Database RMA'!O5:O1000,4),"")} -> In attesa parti
B24: 5 | C24: {=IFERROR(INDEX('Database RMA'!A5:A1000,5),"")} | D24: {=IFERROR(INDEX('Database RMA'!F5:F1000,5),"")} | E24: {=IFERROR(INDEX('Database RMA'!H5:H1000,5),"")} | F24: {=IFERROR(INDEX('Database RMA'!O5:O1000,5),"")}
B25: 6 | C25: {=IFERROR(INDEX('Database RMA'!A5:A1000,6),"")} -> ISTRUZIONI: Inserisci nuove righe dal riga 5 in giù • Il Modulo e l'Etichetta si aggiornano scegliendo il N° RMA nel foglio corrispondente | D25: {=IFERROR(INDEX('Database RMA'!F5:F1000,6),"")} | E25: {=IFERROR(INDEX('Database RMA'!H5:H1000,6),"")} | F25: {=IFERROR(INDEX('Database RMA'!O5:O1000,6),"")}
B30: ℹ Le statistiche si aggiornano automaticamente all'aggiunta di nuove righe nel foglio 'Database RMA'. Non modificare questo foglio.
